{
  "participant_info": {
    "id": "test",
    "age": 22,
    "gender": "homme",
    "condition": "sync",
    "heart_rate_before": 100,
    "heart_rate_after": 0
  },
  "performance_data": {
    "response_times": [
      3.1958730220794678,
      2.139733076095581,
      1.13608980178833,
      0.8802440166473389,
      1.0190060138702393,
      0.5960679054260254,
      1.3583729267120361,
      1.237607717514038,
      0.5615317821502686,
      1.3355450630187988,
      1.1199891567230225,
      0.47756195068359375,
      1.3784949779510498,
      1.0382640361785889,
      0.5113492012023926,
      0.6635184288024902,
      0.5289509296417236,
      0.9180140495300293,
      0.681041955947876,
      0.3923659324645996,
      1.5511019229888916,
      0.5642910003662109,
      1.261883020401001,
      1.1421890258789062,
      0.6663250923156738,
      3.9443461894989014,
      0.900691032409668,
      0.8663630485534668,
      0.9509758949279785,
      0.9965369701385498,
      0.7619099617004395,
      1.3240387439727783,
      0.5290141105651855,
      1.136033058166504,
      1.353341817855835,
      1.1161491870880127,
      1.05134916305542,
      1.3217380046844482,
      0.6950840950012207,
      0.49381399154663086,
      1.422882080078125,
      3.9625558853149414,
      0.8002879619598389,
      1.729017972946167,
      0.8837130069732666,
      0.9686079025268555,
      1.0039691925048828,
      1.4113678932189941,
      0.6963438987731934,
      0.8680458068847656,
      1.2401628494262695,
      0.9027571678161621,
      1.2103891372680664,
      1.9737269878387451,
      0.9013299942016602,
      0.7992668151855469,
      1.4143197536468506,
      0.8348710536956787,
      1.0237491130828857,
      0.7855129241943359,
      1.071505069732666,
      1.0571789741516113,
      2.044307231903076,
      1.2947592735290527,
      0.6469550132751465,
      1.2091169357299805,
      0.6144490242004395
    ],
    "average_response_time": 1.1428051670985435,
    "missed_bonus": 59,
    "command_errors": 1
  },
  "evaluations": [
    {
      "level": 1,
      "performance": 1,
      "stress": 1,
      "certitude": 1
    },
    {
      "level": 2,
      "performance": 1,
      "stress": 1,
      "certitude": 1
    },
    {
      "level": 3,
      "performance": 1,
      "stress": 1,
      "certitude": 1
    }
  ],
  "timestamp": "2024-12-20_12-13-53"
}