{
  "participant_info": {
    "id": "youssef",
    "age": 21,
    "gender": "homme",
    "condition": "async",
    "heart_rate_before": 100,
    "heart_rate_after": 0
  },
  "performance_data": {
    "response_times": [
      0.9164600372314453,
      0.9503922462463379,
      0.8146851062774658,
      1.2927587032318115,
      2.859761953353882,
      0.8825521469116211,
      1.0511071681976318,
      1.1189157962799072,
      0.897597074508667,
      0.9706292152404785,
      0.6627230644226074,
      1.2212309837341309,
      0.8673961162567139,
      0.8311400413513184,
      1.4902777671813965,
      1.0991969108581543,
      0.998297929763794,
      1.2429709434509277,
      0.9465541839599609,
      0.8292837142944336,
      0.9985098838806152,
      0.8464162349700928,
      0.9358220100402832,
      1.4750661849975586,
      1.2571091651916504,
      1.0169768333435059,
      1.0900700092315674,
      3.7052359580993652,
      0.8964550495147705,
      1.1714658737182617,
      0.9521400928497314,
      0.9810850620269775,
      0.9817619323730469,
      0.796968936920166,
      1.2574999332427979,
      0.5253961086273193,
      1.037384271621704,
      1.0512661933898926,
      1.0724058151245117,
      0.9155268669128418,
      1.1734232902526855,
      0.9891421794891357,
      1.1589577198028564,
      1.1200249195098877,
      1.1246168613433838,
      1.1085472106933594,
      1.140611171722412,
      1.1751177310943604,
      3.6415231227874756,
      2.143373727798462,
      1.173137903213501,
      1.3771240711212158,
      1.599256992340088,
      1.4337871074676514,
      1.1761279106140137,
      1.0551421642303467,
      1.0376741886138916,
      1.0718460083007812,
      0.8330891132354736,
      0.954826831817627,
      0.6811342239379883,
      0.8501949310302734,
      1.0888099670410156,
      1.0532748699188232,
      1.2232978343963623,
      1.2241148948669434,
      1.3621330261230469,
      0.9863910675048828,
      0.918212890625,
      1.1767401695251465,
      1.0204648971557617,
      1.0739576816558838,
      0.5270049571990967,
      1.1919441223144531
    ],
    "average_response_time": 1.1591016118590896,
    "missed_bonus": 2,
    "command_errors": 1
  },
  "evaluations": [
    {
      "level": 1,
      "performance": 3,
      "stress": 2,
      "certitude": 1
    },
    {
      "level": 2,
      "performance": 4,
      "stress": 3,
      "certitude": 2
    },
    {
      "level": 3,
      "performance": 3,
      "stress": 3,
      "certitude": 2
    }
  ],
  "timestamp": "2024-12-18_16-39-36"
}