{
  "participant_info": {
    "id": "test",
    "age": 22,
    "gender": "homme",
    "condition": "async",
    "heart_rate_before": 120,
    "heart_rate_after": 0
  },
  "performance_data": {
    "response_times": [
      0.9851222038269043,
      0.7974929809570312,
      0.9009263515472412,
      0.9198861122131348,
      0.9851160049438477,
      0.8364818096160889,
      0.9535150527954102,
      0.8116519451141357,
      1.0166120529174805,
      0.6460013389587402,
      0.8489367961883545,
      0.9466848373413086,
      0.9169118404388428,
      0.9495971202850342,
      0.9292831420898438,
      1.031635046005249,
      0.7453811168670654,
      1.1372520923614502,
      0.7458591461181641,
      0.8831932544708252,
      1.0664942264556885,
      0.9536018371582031,
      0.9865951538085938,
      1.1226229667663574,
      1.2375268936157227,
      0.814021110534668,
      1.0503380298614502,
      0.8340358734130859,
      0.9330179691314697,
      0.8630938529968262,
      0.9141848087310791,
      1.1543340682983398,
      2.429166793823242,
      1.141577959060669,
      1.8513598442077637,
      1.055999994277954,
      2.582925796508789,
      2.1334517002105713,
      0.9336581230163574,
      1.235694169998169,
      1.7843937873840332,
      1.3727569580078125,
      1.1180078983306885,
      0.7290048599243164,
      1.3371012210845947,
      1.068018913269043,
      1.2724008560180664,
      1.4759070873260498,
      1.5584158897399902,
      2.2047297954559326,
      1.1565189361572266,
      1.2194437980651855
    ],
    "average_response_time": 1.1457296426479633,
    "missed_bonus": 12,
    "command_errors": 1
  },
  "evaluations": [
    {
      "level": 1,
      "performance": 3,
      "stress": 3,
      "certitude": 2
    },
    {
      "level": 2,
      "performance": 1,
      "stress": 1,
      "certitude": 1
    },
    {
      "level": 3,
      "performance": 1,
      "stress": 1,
      "certitude": 1
    }
  ],
  "timestamp": "2024-12-18_17-23-35"
}